{
  "project_info": {
    "project_number": "1020122644146",
    "firebase_url": "https://chaseapp-8459b.firebaseio.com",
    "project_id": "chaseapp-8459b",
    "storage_bucket": "chaseapp-8459b.appspot.com"
  },
  "client": [
    {
      "client_info": {
        "mobilesdk_app_id": "1:1020122644146:android:a47350134259d189",
        "android_client_info": {
          "package_name": "com.carverauto.chaseapp"
        }
      },
      "oauth_client": [
        {
          "client_id": "1020122644146-o4b56sp1abe0g232ua03kpkl85g7iakc.apps.googleusercontent.com",
          "client_type": 3
        }
      ],
      "api_key": [
        {
          "current_key": "AIzaSyBWaNlpwRap3EJRfpLi2hK30ITsmJSXje4"
        }
      ],
      "services": {
        "appinvite_service": {
          "other_platform_oauth_client": [
            {
              "client_id": "1020122644146-o4b56sp1abe0g232ua03kpkl85g7iakc.apps.googleusercontent.com",
              "client_type": 3
            },
            {
              "client_id": "1020122644146-b8ma1mtle6ic9rlunfb0vm2kdhhp427t.apps.googleusercontent.com",
              "client_type": 2,
              "ios_info": {
                "bundle_id": "com.carverauto.chaseapp"
              }
            }
          ]
        }
      }
    }
  ],
  "configuration_version": "1"
}